,ENSG00000168488.14_1,ENSG00000168488.14_13
GTEX-111CU,21.839939342659033,100.0
GTEX-111FC,25.25988244785064,100.0
GTEX-111VG,15.362385851346666,99.74388338644704
GTEX-111YS,19.55525769344862,100.0
GTEX-1122O,23.306605098124862,100.0
GTEX-1128S,16.713777261109474,99.80620691564464
GTEX-117YW,15.244045461330147,99.88821998307331
GTEX-117YX,16.754027278465383,99.54083306001968
GTEX-11DXX,18.823833750107784,99.82723194728106
GTEX-11DXZ,29.70990557979021,99.85916697264318
GTEX-11DZ1,12.938253899147181,99.93519838551407
GTEX-11EI6,14.012791213850024,99.67112990368805
GTEX-11EMC,13.368762509489956,99.09079101181972
GTEX-11EQ9,26.659721943988142,99.90059748014613
GTEX-11GSP,9.766039739117247,100.0
GTEX-11I78,16.764421873323556,99.82393037704053
GTEX-11ILO,16.376335942102163,100.0
GTEX-11LCK,24.707778255264287,99.93461366014049
GTEX-11NSD,24.953182381983126,99.77821079479746
GTEX-11NUK,22.78733298885362,99.46212460779918
GTEX-11NV4,10.945650996114614,100.0
GTEX-11O72,8.967918034732387,99.72290533753593
GTEX-11OF3,13.61266097511788,99.8041273172438
GTEX-11P7K,18.718016754482395,99.8751649605878
GTEX-11P81,21.821280157852257,100.0
GTEX-11PRG,23.41265419816952,100.0
GTEX-11TT1,27.686748533593715,99.89537247399258
GTEX-11TUW,17.73726933123613,99.87868441917999
GTEX-11UD2,27.648583336251885,99.67680498643736
GTEX-11WQC,18.977536793183578,100.0
GTEX-11WQK,22.308834992866704,99.77917632770233
GTEX-11ZTS,19.634001536634766,99.86139848924353
GTEX-11ZTT,21.197680326576375,99.92105738000723
GTEX-11ZUS,14.419462079393519,99.9241669194436
GTEX-1211K,25.95166843646427,99.94027329234945
GTEX-1212Z,17.570981573762893,99.72220348198093
GTEX-12584,14.54163220979007,99.5181109951008
GTEX-12696,18.957758437699002,99.8478211246019
GTEX-1269C,20.209069077553327,99.53712013149567
GTEX-12BJ1,24.43693562481794,99.92834036280252
GTEX-12KS4,15.39283316036872,100.0
GTEX-12WSA,22.629403913875446,99.56531188871985
GTEX-12WSD,20.335110434120335,99.9354591848495
GTEX-12WSE,16.151753682799583,99.91802030754097
GTEX-12WSG,21.105726623046028,99.87921038100497
GTEX-12WSH,8.977094093869303,99.7111079011989
GTEX-12WSI,12.54903762230695,99.72753316310643
GTEX-12WSJ,20.23984888134066,100.0
GTEX-12WSK,23.48207754206291,100.0
GTEX-12WSL,30.031409958120054,100.0
GTEX-12WSN,21.397198865035048,99.76031911797436
GTEX-12ZZW,17.859411268809257,99.81812749262767
GTEX-12ZZY,36.89563044040334,100.0
GTEX-13111,28.736265329197224,99.91455286736164
GTEX-13113,31.20593496790487,100.0
GTEX-1313W,13.569247350458054,99.8003792793692
GTEX-131XE,15.996103007004056,100.0
GTEX-131XF,16.822901533803314,100.0
GTEX-131XH,18.808726203121168,99.39250424627134
GTEX-131XW,18.14258373947203,99.8445010287923
GTEX-131YS,22.812764349093793,99.85027458571513
GTEX-132NY,17.344922955353617,100.0
GTEX-132QS,26.54494382022472,99.96419693730371
GTEX-1339X,30.38388967031459,100.0
GTEX-133LE,28.309789437611848,99.74296008996396
GTEX-1399S,14.463679860809048,100.0
GTEX-1399U,22.053866079982967,99.8808419368292
GTEX-139T6,24.05818924950926,99.8847300212426
GTEX-139TT,13.287541449549975,99.7124518613607
GTEX-139UW,11.180300028304556,99.81977342945417
GTEX-139YR,21.13658318215018,99.71354092067948
GTEX-13CF3,19.646629537161516,100.0
GTEX-13D11,18.477776788100115,100.0
GTEX-13FH7,14.162461879678403,100.0
GTEX-13FHO,16.6381810151134,100.0
GTEX-13FHP,18.956289559319607,99.87306307858302
GTEX-13FLV,22.267636286427095,99.71272180697983
GTEX-13FTX,22.814101136110494,100.0
GTEX-13FTY,16.95387338608913,99.61507794671579
GTEX-13FTZ,25.162642884477798,100.0
GTEX-13G51,14.370673568891835,99.78431674626407
GTEX-13JUV,19.796347129997393,100.0
GTEX-13JVG,15.078356176090416,99.94613395715342
GTEX-13N11,21.348007382596215,100.0
GTEX-13N1W,18.200526835693115,99.48666911109947
GTEX-13N2G,17.611517677321583,99.75599213597512
GTEX-13NYB,15.576215774417657,99.72062356819579
GTEX-13NYS,16.613145898362937,100.0
GTEX-13NZ8,29.456890556176102,99.87263348465689
GTEX-13NZ9,22.669387840103294,100.0
GTEX-13NZA,22.640938582041887,100.0
GTEX-13O21,25.091283209941295,99.93576125210497
GTEX-13O3O,15.619745551030723,99.7197444068991
GTEX-13O3P,17.236896948802904,99.96628366515826
GTEX-13O3Q,11.168244956839384,99.47865996992986
GTEX-13O61,19.775562103903447,100.0
GTEX-13OVG,14.913232104121473,99.13319849754407
GTEX-13OVH,9.88973121984838,99.35366219616353
GTEX-13OVJ,10.27235685181214,99.93186121102097
GTEX-13OVL,25.044786814761732,99.76087587750013
GTEX-13OW5,16.07246432852558,99.94245763443335
GTEX-13OW6,21.34557269128726,99.6636846707473
GTEX-13OW8,25.07817822889188,99.76372504345773
GTEX-13PL7,22.004830526332853,99.9019230095625
GTEX-13PVQ,19.818582516209396,99.8563866890977
GTEX-13QBU,30.370385779515928,99.90799702961839
GTEX-13QJ3,11.192283770843,100.0
GTEX-13QJC,14.79279685252266,99.20161336312593
GTEX-13RTJ,26.43765215039221,100.0
GTEX-13S86,33.43569743817286,100.0
GTEX-13U4I,19.66734689399425,100.0
GTEX-13VXT,24.812279518285465,100.0
GTEX-13VXU,13.74632297555522,99.70528265798954
GTEX-13YAN,30.99749960100016,99.87096595805471
GTEX-144GM,14.457620188095097,100.0
GTEX-144GN,23.04636346247223,99.85574743436509
GTEX-144GO,14.406800361513472,99.1580719848453
GTEX-145LS,12.41151670350428,99.0576832469543
GTEX-145LT,25.306591325405943,99.94597994312461
GTEX-145LU,7.79694357584924,100.0
GTEX-145MF,18.431459923132625,99.21734147670892
GTEX-145MH,18.06313102007659,99.93556345158974
GTEX-145MN,32.39906119255757,99.91182435411339
GTEX-145MO,19.752044558329366,99.72623633626
GTEX-146FH,24.46501220504475,100.0
GTEX-146FQ,24.52013277529225,100.0
GTEX-1477Z,21.02171230732399,99.90512719732187
GTEX-147F3,15.970956279932025,99.17368176418942
GTEX-147F4,14.923382242899438,99.9040957946006
GTEX-147JS,20.290508701264365,99.86801355689322
GTEX-148VI,39.81055240793201,99.69121506870465
GTEX-148VJ,16.743338954468804,99.07042921508182
GTEX-1497J,23.466331313593233,100.0
GTEX-14A6H,19.956577448747147,100.0
GTEX-14ABY,27.430073760315487,99.87377038833638
GTEX-14DAR,17.369888475836433,100.0
GTEX-14E7W,17.776530039303758,99.63006024733116
GTEX-N7MS,13.495225922862941,99.93897442156471
GTEX-N7MT,18.755349839901086,99.88981410064694
GTEX-NFK9,23.007055163602022,99.21076368009622
GTEX-NL3G,26.941277130733905,100.0
GTEX-NPJ8,21.407551186525573,100.0
GTEX-O5YT,21.592470745013117,99.8269660977147
GTEX-O5YV,24.649843302092773,99.9268870326319
GTEX-O5YW,22.44306234921759,99.85070329412518
GTEX-OHPJ,31.939240279117776,99.79584694353709
GTEX-OHPK,30.359520639147803,99.82040345081941
GTEX-OHPL,25.58428190845241,100.0
GTEX-OHPM,11.398838334946754,100.0
GTEX-OIZG,33.38791848617176,99.46727042684958
GTEX-OIZH,25.6557226705796,99.89282050496854
GTEX-OIZI,17.467205838840123,99.27184213537495
GTEX-OOBJ,19.249807002406797,99.9042669584245
GTEX-OOBK,31.5892740353172,99.67370911167306
GTEX-OXRK,21.943163328970066,99.94127960137239
GTEX-OXRL,28.85321724935383,99.84868954336665
GTEX-OXRN,18.86081560283688,99.87708192489706
GTEX-OXRO,16.31572676051543,99.86691256155295
GTEX-OXRP,20.23417060666143,100.0
GTEX-P44H,27.07374019067384,99.92479143052073
GTEX-P4PP,19.97646020303075,100.0
GTEX-P4PQ,24.34245134139926,100.0
GTEX-P4QR,37.655890452299225,99.6452024721785
GTEX-P4QS,13.967161178298351,99.94891760044078
GTEX-P4QT,25.00448108980104,99.93257203955133
GTEX-P78B,25.47117771444332,100.0
GTEX-PLZ4,18.488213520358464,100.0
GTEX-PLZ5,18.668639795329707,100.0
GTEX-PLZ6,20.8325449385052,99.84989653582647
GTEX-POMQ,24.55062177212268,100.0
GTEX-POYW,28.621114731002905,100.0
GTEX-PSDG,33.28017859990432,100.0
GTEX-PVOW,13.304769263187472,100.0
GTEX-PW2O,25.762952448545068,100.0
GTEX-PWOO,20.14957237310285,100.0
GTEX-PX3G,29.82039636663914,100.0
GTEX-Q2AG,11.801311489118543,99.51231973247253
GTEX-Q2AH,25.130718557789127,99.93794298733594
GTEX-Q2AI,31.14887903002857,100.0
GTEX-Q734,21.818665518071374,99.80937597865011
GTEX-QCQG,22.626403272126012,99.92709434512497
GTEX-QDT8,36.50343990287333,100.0
GTEX-QDVJ,22.427610023908613,99.81155694345362
GTEX-QDVN,16.855738243146337,99.78024599890752
GTEX-QEG4,13.592848251669118,99.80829795974257
GTEX-QEG5,20.68965517241379,99.31014821254473
GTEX-QEL4,15.085915302394806,100.0
GTEX-QESD,21.781101291638343,99.77084867828792
GTEX-QMR6,41.070422535211264,100.0
GTEX-QMRM,25.64945079999464,99.8187538029336
GTEX-QV44,31.421078511719386,100.0
GTEX-QXCU,19.479871008009983,96.91066137065759
GTEX-R3RS,28.96307681309647,100.0
GTEX-R55C,14.674435542607428,99.91957166164947
GTEX-R55D,58.9159465828751,100.0
GTEX-R55G,31.63026308622474,100.0
GTEX-REY6,27.99299080042556,100.0
GTEX-RM2N,18.19644763953016,99.75678187677526
GTEX-RN64,28.32515868436237,99.63111298482293
GTEX-RNOR,12.270967741935483,99.56417927174357
GTEX-RTLS,16.277377574037693,99.7171745739942
GTEX-RU1J,18.615055436685466,100.0
GTEX-RU72,10.90289608177172,100.0
GTEX-RUSQ,21.31788776891831,99.89255893909626
GTEX-RVPV,21.198610128839828,100.0
GTEX-RWS6,21.54817553896602,100.0
GTEX-RWSA,19.60030745580323,99.16454962404732
GTEX-S32W,17.999205872471265,100.0
GTEX-S33H,27.827443451130975,99.88919755284881
GTEX-S341,20.803727431566685,100.0
GTEX-S4Q7,38.524831031442844,100.0
GTEX-S4Z8,22.461082283172722,100.0
GTEX-S7SE,8.315985537416456,99.84636066833109
GTEX-S7SF,32.884183509785046,99.88380006971995
GTEX-SE5C,16.53145365075143,100.0
GTEX-SIU7,100.0,100.0
GTEX-SIU8,8.960945167682082,99.68523906093321
GTEX-SN8G,15.47247063893977,99.73644578313254
GTEX-SNOS,35.890146575556834,99.93642894117862
GTEX-SUCS,26.707478979200474,99.86343595146124
GTEX-T2IS,11.547740443206406,100.0
GTEX-T5JC,17.677080849034105,100.0
GTEX-T6MN,16.452339494241123,99.8606660164414
GTEX-T6MO,33.65546509214198,100.0
GTEX-T8EM,21.465575493655674,99.20331783976218
GTEX-TML8,24.37448886465729,99.84359988381706
GTEX-TMMY,17.905743256073016,99.50516921445613
GTEX-TSE9,20.027363083980525,99.8116165319949
GTEX-U3ZH,22.525923448176997,99.9008280854862
GTEX-U3ZM,13.257316003508492,99.89428457083311
GTEX-U3ZN,24.919625204160575,99.95852613742068
GTEX-U412,22.068857344522,99.89722281359889
GTEX-U8T8,22.41646098955203,99.86828364176914
GTEX-U8XE,24.448145991642036,99.7281256447913
GTEX-UJHI,34.98057498057498,99.91303861706555
GTEX-UJMC,32.52180742153536,99.8253231521685
GTEX-UPIC,28.02718604749133,100.0
GTEX-UPJH,14.490087880645822,99.80087756103457
GTEX-UPK5,16.100093930407066,99.95168515284747
GTEX-V1D1,18.24641182322012,100.0
GTEX-VJYA,30.21533081807306,100.0
GTEX-VUSG,28.335127728295976,100.0
GTEX-W5X1,24.266558544991167,100.0
GTEX-WFG7,13.108489782355873,100.0
GTEX-WFG8,29.012555140821178,100.0
GTEX-WFJO,19.77209225880677,100.0
GTEX-WFON,19.22779922779923,100.0
GTEX-WH7G,13.282727531801342,99.76802757158006
GTEX-WHPG,20.16655717432469,99.8073429845324
GTEX-WHSB,25.878280777302333,99.45969936128746
GTEX-WK11,19.164199997083742,100.0
GTEX-WOFM,25.10479860442107,99.80993239023596
GTEX-WRHU,17.126901002917933,99.75017016470925
GTEX-WVJS,16.95892777920471,100.0
GTEX-WWYW,14.354225558046593,99.67692525146464
GTEX-WY7C,25.63225784609135,99.94240863541376
GTEX-WYBS,15.909524458373077,99.86761730052764
GTEX-WYJK,20.71871238129208,99.64408287784416
GTEX-WYVS,21.773425428787117,99.91863279853771
GTEX-WZTO,15.943686349657696,99.74454792280967
GTEX-X261,22.238742565845364,99.94871832440788
GTEX-X3Y1,24.072422589543105,99.83865763149403
GTEX-X4EO,12.095300123957392,99.81474326062447
GTEX-X4EP,14.569480294332934,99.90750406321436
GTEX-X4LF,23.153902666640192,99.86247071362963
GTEX-X4XX,15.974732537335235,99.81176976753567
GTEX-X4XY,18.148270005424294,99.94645595811326
GTEX-X585,14.321010863289066,100.0
GTEX-X5EB,13.954531857612922,99.810580435665
GTEX-XBEC,10.853539012229941,99.67119169524167
GTEX-XBED,19.35889632785555,99.91503823279524
GTEX-XBEW,20.906407785935556,99.12690988462738
GTEX-XGQ4,18.681026963479848,99.92614241851928
GTEX-XMD2,16.405982418084257,98.6864943472346
GTEX-XOT4,17.138712564685548,99.87967133083508
GTEX-XPVG,21.246542383423083,99.93034791217868
GTEX-XQ3S,15.018150388936908,99.40719412275317
GTEX-XQ8I,19.70728212476332,99.48027263412679
GTEX-XUJ4,13.804469642033096,99.78396228598764
GTEX-XV7Q,12.06888717226337,99.94959078519554
GTEX-XXEK,20.358845338983052,100.0
GTEX-XYKS,22.79018269053331,100.0
GTEX-Y111,18.708826213864207,100.0
GTEX-Y3I4,17.00697896594718,99.93898080510469
GTEX-Y3IK,23.71974935177182,99.92848641497291
GTEX-Y5LM,24.81203007518797,100.0
GTEX-Y5V5,14.195750802955637,99.9517001545595
GTEX-Y5V6,25.165906007154316,99.94631181331852
GTEX-Y8E4,27.06488896401631,99.92523903483594
GTEX-Y8LW,15.635028229197054,100.0
GTEX-Y9LG,24.424065582881752,99.95557360818461
GTEX-YB5E,14.67481473288353,100.0
GTEX-YEC3,23.044510584222316,99.88590382507427
GTEX-YEC4,19.182866149519423,99.90063134584194
GTEX-YECK,11.545630263702886,100.0
GTEX-YF7O,20.59769472023013,99.68492879390742
GTEX-YFC4,17.826927725404882,99.46727549467276
GTEX-YFCO,23.021342075332843,100.0
GTEX-YJ8O,13.38029811752082,100.0
GTEX-ZA64,13.720098982678032,100.0
GTEX-ZAB4,13.32895225577874,100.0
GTEX-ZAB5,19.689044579874277,100.0
GTEX-ZC5H,19.976892691533045,100.0
GTEX-ZDTS,11.825201470141955,99.90596074532826
GTEX-ZDTT,18.50778178392187,100.0
GTEX-ZDXO,12.315752706950752,99.79970671340176
GTEX-ZDYS,22.35512442007592,99.88632626796958
GTEX-ZE7O,16.313191581688002,99.9437992509243
GTEX-ZEX8,22.51954339228317,99.92780267439522
GTEX-ZF28,19.561028127855533,99.94851294347825
GTEX-ZF29,17.175214068686124,99.88966039044459
GTEX-ZF2S,15.602722431583244,100.0
GTEX-ZG7Y,24.01330078037236,99.85117940322941
GTEX-ZLV1,12.281028699217291,100.0
GTEX-ZLWG,23.003680512403808,99.89324955965444
GTEX-ZPIC,26.725043782837126,99.93230992384868
GTEX-ZPU1,25.711929253820244,99.94133643970852
GTEX-ZQG8,31.83003128258603,100.0
GTEX-ZT9W,15.76086272634612,99.86607228270228
GTEX-ZT9X,27.378762106432468,100.0
GTEX-ZTPG,13.66884883044775,99.88359137245772
GTEX-ZTTD,16.870006014262394,99.85586772775473
GTEX-ZUA1,19.148936170212764,99.16973075554502
GTEX-ZVT3,15.47294998298741,99.73257946210269
GTEX-ZVZQ,13.849904460697108,99.80122953729077
GTEX-ZXG5,25.865551578723554,99.92348932402818
GTEX-ZY6K,27.769311362986954,100.0
GTEX-ZYFG,18.2687571130098,100.0
GTEX-ZYT6,14.741951020710609,100.0
GTEX-ZYVF,20.050955414012737,99.87185706570986
GTEX-ZYW4,18.461738339612836,100.0
GTEX-ZYWO,16.904045849174373,100.0
GTEX-ZYY3,7.806827701759285,99.6375479601717
GTEX-ZZPT,21.450751963629724,99.93238740087511
GTEX-ZZPU,17.830852074754514,99.91959383399573
